{
  "mode": "online",
  "cv_results": {
    "Logistic Regression": {
      "auc_mean": 1.0,
      "auc_std": 0.0
    },
    "Random Forest": {
      "auc_mean": 0.8333333333333334,
      "auc_std": 0.23570226039551584
    },
    "Gradient Boosting": {
      "auc_mean": 0.0,
      "auc_std": 0.0
    }
  },
  "final_model": {
    "auc": 0.0,
    "average_precision": 0.5,
    "f1_weighted": 0.3333333333333333,
    "accuracy": 0.5
  },
  "feature_importances": {
    "n_citations": 0.03831417624521073,
    "n_stats": 0.08045977011494253,
    "frac_fake_journals": 0.034482758620689655,
    "frac_future_years": 0.09195402298850573,
    "n_ghost_markers": 0.13409961685823757,
    "citation_suspicion": 0.11111111111111112,
    "n_suspicious_stats": 0.04597701149425287,
    "round_number_frac": 0.14942528735632185,
    "stat_suspicion": 0.04597701149425287,
    "confidence_score": 0.13793103448275862,
    "high_conf_frac": 0.09195402298850575,
    "conf_phrase_count": 0.038314176245210725
  },
  "top_features": [
    "round_number_frac",
    "confidence_score",
    "n_ghost_markers",
    "citation_suspicion",
    "high_conf_frac"
  ],
  "layer_aucs": {
    "Citation forensics": 0.7777777777777779,
    "Statistical forensics": 0.888888888888889,
    "Confidence mismatch": 0.7777777777777778,
    "Composite score": 0.888888888888889,
    "Random Forest (ML)": 0.888888888888889
  },
  "corpus": {
    "n_papers": 6,
    "n_hallucinated": 3
  }
}