{
  "corpus": {
    "n_papers": 600,
    "hallucination_rate": 0.45,
    "n_hallucinated": 268
  },
  "cv_results": {
    "Logistic Regression": {
      "auc_mean": 0.9227828363423971,
      "auc_std": 0.013980727523247404
    },
    "Random Forest": {
      "auc_mean": 0.9094008627215235,
      "auc_std": 0.01261638228166575
    },
    "Gradient Boosting": {
      "auc_mean": 0.9037253697208639,
      "auc_std": 0.007818462420474504
    }
  },
  "final_model": {
    "auc": 0.8672135706340378,
    "average_precision": 0.8347197748412654,
    "f1_weighted": 0.7664721681948689,
    "accuracy": 0.7666666666666667
  },
  "layer_aucs": {
    "Citation forensics": 0.8455201402625426,
    "Statistical forensics": 0.7252686117604747,
    "Confidence mismatch": 0.6316534795900018,
    "Composite score": 0.8414741053767307,
    "Random Forest (ML)": 0.9893903974105376
  },
  "feature_importances": {
    "n_citations": 0.03908539103323396,
    "n_stats": 0.03044358450500364,
    "frac_fake_journals": 0.1403249797258326,
    "frac_future_years": 0.13374024466458811,
    "n_ghost_markers": 0.1014112720578717,
    "citation_suspicion": 0.2239836112885402,
    "n_suspicious_stats": 0.07573812196497892,
    "round_number_frac": 0.05218772223488845,
    "stat_suspicion": 0.07146343849747022,
    "confidence_score": 0.040750662303913124,
    "high_conf_frac": 0.033016505330455914,
    "conf_phrase_count": 0.05785446639322302
  },
  "top_features": [
    "citation_suspicion",
    "frac_fake_journals",
    "frac_future_years",
    "n_ghost_markers",
    "n_suspicious_stats"
  ]
}